:ID,methodName,:LABEL
me1,Transformer-based models,Method
me2,LSTM,Method
me3,CRFs,Method
me4,Transformer-based model,Method
me5,Multimodal Approach,Method
me6,Feature Extraction Refinement,Method
me7,Historical Contextualization,Method
me8,Deep Learning Models with Transformers,Method
me9,Transformers,Method
me10,Transformer Models,Method
me11,BERT,Method
me12,BERT Multilingual Variants,Method
me13,Python-based web scraping,Method
me14,BERT-based experiments,Method
me15,BERT-based models tailored to historical contexts,Method
me16,BERT model refinements,Method
me17,Adaptive Algorithms for Cultural Contexts,Method
me18,Adaptive Algorithm Prototyping,Method
me19,Johnson et al.'s frameworks,Method
me20,Adaptive Algorithms,Method
me21,adaptive algorithm models,Method
me22,TensorFlow,Method
me23,PyTorch,Method
me24,Jupyter Notebooks,Method
me25,Voila,Method
me26,Google Colab,Method
me27,Jupyter,Method
me28,adaptive model,Method
me29,adaptive model framework,Method
me30,Model Scalability,Method
me31,Model Adaptability,Method
me32,Syntactic Structuring in Historical Texts,Method
me33,syntactic structuring,Method
me34,Advanced Syntactic Structuring Tools,Method
me35,Syntactic Structuring Tools,Method
me36,Syntactic Tools,Method
me37,Dialect Recognition Features,Method
me38,Ethical Frameworks for Privacy in NLP,Method
me39,adaptive learning algorithms,Method
me40,Adaptive Learning Algorithms,Method
me41,Bias Mitigation in NLP Tasks,Method
me42,bias mitigation strategies,Method
me43,GPT-X,Method
